<?xml version="1.0" encoding="UTF-8"?>
<project-private xmlns="http://www.netbeans.org/ns/project-private/1">
    <editor-bookmarks xmlns="http://www.netbeans.org/ns/editor-bookmarks/2" lastBookmarkId="0"/>
    <open-files xmlns="http://www.netbeans.org/ns/projectui-open-files/2">
        <group>
            <file>file:/E:/Grade%2012%20Java%20programs%20------------------------------------------------------------------------------------------------------/MatchingGameV1RL/src/Resource/Ice_Flower_NSMBW.jpg</file>
            <file>file:/E:/Grade%2012%20Java%20programs%20------------------------------------------------------------------------------------------------------/MatchingGameV1RL/src/Resource/MarioStar.jpg</file>
            <file>file:/E:/Grade%2012%20Java%20programs%20------------------------------------------------------------------------------------------------------/MatchingGameV1RL/src/Resource/luiji.jpg</file>
            <file>file:/E:/Grade%2012%20Java%20programs%20------------------------------------------------------------------------------------------------------/MatchingGameV1RL/src/GameScreen.java</file>
            <file>file:/E:/Grade%2012%20Java%20programs%20------------------------------------------------------------------------------------------------------/MatchingGameV1RL/src/Resource/harddrive.jpg</file>
            <file>file:/E:/Grade%2012%20Java%20programs%20------------------------------------------------------------------------------------------------------/MatchingGameV1RL/src/Start-button-icon-on-transparent-background-PNG%20(1).png</file>
            <file>file:/E:/Grade%2012%20Java%20programs%20------------------------------------------------------------------------------------------------------/MatchingGameV1RL/src/MatchingGame.java</file>
            <file>file:/E:/Grade%2012%20Java%20programs%20------------------------------------------------------------------------------------------------------/MatchingGameV1RL/src/Resource/mice.jpg</file>
            <file>file:/E:/Grade%2012%20Java%20programs%20------------------------------------------------------------------------------------------------------/MatchingGameV1RL/src/marioBackground.jpg</file>
        </group>
    </open-files>
</project-private>
